{
	"format_version": "1.8.0",
	"animations": {
		"animation.spider.look_at_target_upside_down": {
			"loop": true,
			"bones": {
				"head": {
					"rotation": [0, 0, -180]
				}
			}
		},
		"animation.spider.idle": {
			"loop": true,
			"animation_length": 1.5,
			"bones": {
				"left_fang": {
					"rotation": {
						"0.0": [-15, 0, -12.5],
						"0.125": [-2.5, 0, 2.5],
						"0.25": [12.5, 0, 20],
						"0.375": [-2.5, 0, 2.5],
						"0.5": [12.5, 0, 20],
						"1.5": [-15, 0, -12.5]
					}
				},
				"right_fang": {
					"rotation": {
						"0.0": [-15, 0, 12.5],
						"0.125": [-2.5, 0, -2.5],
						"0.25": [12.5, 0, -20],
						"0.375": [-2.5, 0, -2.5],
						"0.5": [12.5, 0, -20],
						"1.5": [-15, 0, 12.5]
					}
				},
				"head": {
					"rotation": {
						"0.0": [5, 0, 0],
						"0.375": [0, 0, 0],
						"0.75": [0, 0, 0],
						"1.125": [5, 0, 0]
					},
					"position": {
						"0.0": [0, 0, 0],
						"0.75": [0, -0.5, 0],
						"1.5": [0, 0, 0]
					}
				},
				"abdomen": {
					"rotation": {
						"0.0": [20, 0, 0],
						"0.75": [22.5, 0, 0],
						"1.5": [20, 0, 0]
					}
				},
				"leg0": {
					"rotation": [-22.60046, 51.00093, -32.35947]
				},
				"leg1": {
					"rotation": [-22.60046, -51.00093, 32.35947]
				},
				"leg2": {
					"rotation": [-2.67617, 17.03487, -20.62682]
				},
				"leg3": {
					"rotation": [-2.67617, -17.03487, 20.62682]
				},
				"leg4": {
					"rotation": [8.76512, -18.45925, -21.05106]
				},
				"leg5": {
					"rotation": [8.76512, 18.45925, 21.05106]
				},
				"leg6": {
					"rotation": [30.89608, -56.93294, -38.42457]
				},
				"leg7": {
					"rotation": [30.89608, 56.93294, 38.42457]
				}
			}
		},
		"animation.spider.walk": {
			"loop": true,
			"animation_length": 1,
			"anim_time_update": "q.anim_time + (q.delta_time * (q.modified_move_speed * 4))",
			"bones": {
				"leg0": {
					"rotation": {
						"0.0": {
							"post": [0, 20, 0],
							"lerp_mode": "catmullrom"
						},
						"0.1667": {
							"post": [-7.09597, 18.74724, -21.17283],
							"lerp_mode": "catmullrom"
						},
						"0.5": {
							"post": [-17.82268, 39.53414, -26.78184],
							"lerp_mode": "catmullrom"
						},
						"0.6667": {
							"post": [-36.88125, 55.95881, -41.75195],
							"lerp_mode": "catmullrom"
						},
						"0.8333": {
							"post": [-36.88125, 55.95881, -41.75195],
							"lerp_mode": "catmullrom"
						},
						"1.0": {
							"post": [0, 20, 0],
							"lerp_mode": "catmullrom"
						}
					}
				},
				"leg1": {
					"rotation": {
						"0.0": {
							"post": [-17.82268, -39.53414, 26.78184],
							"lerp_mode": "catmullrom"
						},
						"0.1667": {
							"post": [-36.88125, -55.95881, 41.75195],
							"lerp_mode": "catmullrom"
						},
						"0.3333": {
							"post": [-36.88125, -55.95881, 41.75195],
							"lerp_mode": "catmullrom"
						},
						"0.5": {
							"post": [0, -20, 0],
							"lerp_mode": "catmullrom"
						},
						"0.6667": {
							"post": [-7.09597, -18.74724, 21.17283],
							"lerp_mode": "catmullrom"
						},
						"1.0": {
							"post": [-17.82268, -39.53414, 26.78184],
							"lerp_mode": "catmullrom"
						}
					}
				},
				"left_fang": {
					"rotation": [12.5, 0, 20]
				},
				"right_fang": {
					"rotation": [12.5, 0, -20]
				},
				"abdomen": {
					"rotation": {
						"0.0": {
							"post": [20, 0, 0],
							"lerp_mode": "catmullrom"
						},
						"0.5": {
							"post": [25, 0, 0],
							"lerp_mode": "catmullrom"
						},
						"1.0": {
							"post": [20, 0, 0],
							"lerp_mode": "catmullrom"
						}
					}
				},
				"root": {
					"position": {
						"0.0": {
							"post": [0, 0.5, 0],
							"lerp_mode": "catmullrom"
						},
						"0.25": {
							"post": [0, 0, 0],
							"lerp_mode": "catmullrom"
						},
						"0.5": {
							"post": [0, 0.5, 0],
							"lerp_mode": "catmullrom"
						},
						"0.75": {
							"post": [0, 0, 0],
							"lerp_mode": "catmullrom"
						},
						"1.0": {
							"post": [0, 0.5, 0],
							"lerp_mode": "catmullrom"
						}
					}
				},
				"head": {
					"rotation": {
						"0.0": {
							"post": [2.5, 0, 0],
							"lerp_mode": "catmullrom"
						},
						"0.3333": {
							"post": [2.5, 0, 0],
							"lerp_mode": "catmullrom"
						},
						"0.5": {
							"post": [-2.5, 0, 0],
							"lerp_mode": "catmullrom"
						},
						"0.8333": {
							"post": [-2.5, 0, 0],
							"lerp_mode": "catmullrom"
						},
						"1.0": {
							"post": [2.5, 0, 0],
							"lerp_mode": "catmullrom"
						}
					}
				},
				"leg2": {
					"rotation": {
						"0.0": {
							"post": [1.23, 0.19, -24.45],
							"lerp_mode": "catmullrom"
						},
						"0.3333": {
							"post": [-3.4362, 16.93585, -22.98324],
							"lerp_mode": "catmullrom"
						},
						"0.5": {
							"post": [-3.4362, 16.93585, -22.98324],
							"lerp_mode": "catmullrom"
						},
						"0.6667": {
							"post": [0, -7.5, 0],
							"lerp_mode": "catmullrom"
						},
						"0.8333": {
							"post": [2.88419, -6.92618, -22.67458],
							"lerp_mode": "catmullrom"
						},
						"1.0": {
							"post": [1.23, 0.19, -24.45],
							"lerp_mode": "catmullrom"
						}
					}
				},
				"leg3": {
					"rotation": {
						"0.0": {
							"post": [-3.4362, -16.93585, 22.98324],
							"lerp_mode": "catmullrom"
						},
						"0.1667": {
							"post": [0, 7.5, 0],
							"lerp_mode": "catmullrom"
						},
						"0.3333": {
							"post": [2.88419, 6.92618, 22.67458],
							"lerp_mode": "catmullrom"
						},
						"0.8333": {
							"post": [-3.4362, -16.93585, 22.98324],
							"lerp_mode": "catmullrom"
						},
						"1.0": {
							"post": [-3.4362, -16.93585, 22.98324],
							"lerp_mode": "catmullrom"
						}
					}
				},
				"leg4": {
					"rotation": {
						"0.0": {
							"post": [5.62071, -15.92569, -22.82075],
							"lerp_mode": "catmullrom"
						},
						"0.1667": {
							"post": [-1.197, -52.16045, 2.94184],
							"lerp_mode": "catmullrom"
						},
						"0.3333": {
							"post": [27.71035, -46.15, -34.64084],
							"lerp_mode": "catmullrom"
						},
						"0.5": {
							"post": [18.47, -30.66, -31.08],
							"lerp_mode": "catmullrom"
						},
						"0.75": {
							"post": [10.53583, -22.02784, -23.29278],
							"lerp_mode": "catmullrom"
						},
						"1.0": {
							"post": [5.62071, -15.92569, -22.82075],
							"lerp_mode": "catmullrom"
						}
					}
				},
				"leg5": {
					"rotation": {
						"0.0": {
							"post": [18.47, 30.66, 31.08],
							"lerp_mode": "catmullrom"
						},
						"0.25": {
							"post": [10.53583, 22.02784, 23.29278],
							"lerp_mode": "catmullrom"
						},
						"0.5": {
							"post": [5.62071, 15.92569, 22.82075],
							"lerp_mode": "catmullrom"
						},
						"0.6667": {
							"post": [-1.197, 52.16045, -2.94184],
							"lerp_mode": "catmullrom"
						},
						"0.8333": {
							"post": [27.71035, 46.15, 34.64084],
							"lerp_mode": "catmullrom"
						},
						"1.0": {
							"post": [18.47, 30.66, 31.08],
							"lerp_mode": "catmullrom"
						}
					}
				},
				"leg6": {
					"rotation": {
						"0.0": {
							"post": [27.11, -72.67, -32.71],
							"lerp_mode": "catmullrom"
						},
						"0.0833": {
							"post": [52.71808, -64.89239, -60.17663],
							"lerp_mode": "catmullrom"
						},
						"0.5": {
							"post": [38.29, -53.62, -47.87],
							"lerp_mode": "catmullrom"
						},
						"0.75": {
							"post": [17.49089, -43.63153, -28.85749],
							"lerp_mode": "catmullrom"
						},
						"0.9167": {
							"post": [1.68299, -75.09973, -6.49913],
							"lerp_mode": "catmullrom"
						},
						"1.0": {
							"post": [27.11, -72.67, -32.71],
							"lerp_mode": "catmullrom"
						}
					}
				},
				"leg7": {
					"rotation": {
						"0.0": {
							"post": [38.29, 53.62, 47.87],
							"lerp_mode": "catmullrom"
						},
						"0.25": {
							"post": [17.49089, 43.63153, 28.85749],
							"lerp_mode": "catmullrom"
						},